,dateRep,day,month,year,cases,deaths,countriesAndTerritories,geoId,countryterritoryCode,popData2018,continentExp
1257,2020-04-23,23,4,2020,933,264,Belgium,BE,BEL,11422068.0,Europe
1258,2020-04-22,22,4,2020,973,170,Belgium,BE,BEL,11422068.0,Europe
1259,2020-04-21,21,4,2020,1487,145,Belgium,BE,BEL,11422068.0,Europe
1260,2020-04-20,20,4,2020,1313,230,Belgium,BE,BEL,11422068.0,Europe
1261,2020-04-19,19,4,2020,1045,290,Belgium,BE,BEL,11422068.0,Europe
1262,2020-04-18,18,4,2020,1329,306,Belgium,BE,BEL,11422068.0,Europe
1263,2020-04-17,17,4,2020,1236,417,Belgium,BE,BEL,11422068.0,Europe
1264,2020-04-16,16,4,2020,2454,283,Belgium,BE,BEL,11422068.0,Europe
1265,2020-04-15,15,4,2020,530,254,Belgium,BE,BEL,11422068.0,Europe
1266,2020-04-14,14,4,2020,942,303,Belgium,BE,BEL,11422068.0,Europe
1267,2020-04-13,13,4,2020,1629,254,Belgium,BE,BEL,11422068.0,Europe
1268,2020-04-12,12,4,2020,1351,327,Belgium,BE,BEL,11422068.0,Europe
1269,2020-04-11,11,4,2020,1684,496,Belgium,BE,BEL,11422068.0,Europe
1270,2020-04-10,10,4,2020,1580,283,Belgium,BE,BEL,11422068.0,Europe
1271,2020-04-09,9,4,2020,1209,205,Belgium,BE,BEL,11422068.0,Europe
1272,2020-04-08,8,4,2020,1380,403,Belgium,BE,BEL,11422068.0,Europe
1273,2020-04-07,7,4,2020,1123,185,Belgium,BE,BEL,11422068.0,Europe
1274,2020-04-06,6,4,2020,1260,164,Belgium,BE,BEL,11422068.0,Europe
1275,2020-04-05,5,4,2020,1661,140,Belgium,BE,BEL,11422068.0,Europe
1276,2020-04-04,4,4,2020,1422,132,Belgium,BE,BEL,11422068.0,Europe
1277,2020-04-03,3,4,2020,1384,183,Belgium,BE,BEL,11422068.0,Europe
1278,2020-04-02,2,4,2020,1189,123,Belgium,BE,BEL,11422068.0,Europe
1279,2020-04-01,1,4,2020,876,192,Belgium,BE,BEL,11422068.0,Europe
1280,2020-03-31,31,3,2020,1063,82,Belgium,BE,BEL,11422068.0,Europe
1281,2020-03-30,30,3,2020,1702,78,Belgium,BE,BEL,11422068.0,Europe
1282,2020-03-29,29,3,2020,1850,64,Belgium,BE,BEL,11422068.0,Europe
1283,2020-03-28,28,3,2020,1049,69,Belgium,BE,BEL,11422068.0,Europe
1284,2020-03-27,27,3,2020,1298,42,Belgium,BE,BEL,11422068.0,Europe
1285,2020-03-26,26,3,2020,668,56,Belgium,BE,BEL,11422068.0,Europe
1286,2020-03-25,25,3,2020,526,34,Belgium,BE,BEL,11422068.0,Europe
1287,2020-03-24,24,3,2020,342,13,Belgium,BE,BEL,11422068.0,Europe
1288,2020-03-23,23,3,2020,586,8,Belgium,BE,BEL,11422068.0,Europe
1289,2020-03-22,22,3,2020,558,30,Belgium,BE,BEL,11422068.0,Europe
1290,2020-03-21,21,3,2020,462,16,Belgium,BE,BEL,11422068.0,Europe
1291,2020-03-20,20,3,2020,309,7,Belgium,BE,BEL,11422068.0,Europe
1292,2020-03-19,19,3,2020,243,9,Belgium,BE,BEL,11422068.0,Europe
1293,2020-03-18,18,3,2020,158,0,Belgium,BE,BEL,11422068.0,Europe
1294,2020-03-17,17,3,2020,199,1,Belgium,BE,BEL,11422068.0,Europe
1295,2020-03-16,16,3,2020,197,0,Belgium,BE,BEL,11422068.0,Europe
1296,2020-03-15,15,3,2020,130,1,Belgium,BE,BEL,11422068.0,Europe
1297,2020-03-14,14,3,2020,160,0,Belgium,BE,BEL,11422068.0,Europe
1298,2020-03-13,13,3,2020,85,0,Belgium,BE,BEL,11422068.0,Europe
1299,2020-03-12,12,3,2020,47,3,Belgium,BE,BEL,11422068.0,Europe
1300,2020-03-11,11,3,2020,28,0,Belgium,BE,BEL,11422068.0,Europe
1301,2020-03-10,10,3,2020,39,0,Belgium,BE,BEL,11422068.0,Europe
1302,2020-03-09,9,3,2020,31,0,Belgium,BE,BEL,11422068.0,Europe
1303,2020-03-08,8,3,2020,60,0,Belgium,BE,BEL,11422068.0,Europe
1304,2020-03-07,7,3,2020,59,0,Belgium,BE,BEL,11422068.0,Europe
1305,2020-03-06,6,3,2020,27,0,Belgium,BE,BEL,11422068.0,Europe
1306,2020-03-05,5,3,2020,10,0,Belgium,BE,BEL,11422068.0,Europe
1307,2020-03-04,4,3,2020,5,0,Belgium,BE,BEL,11422068.0,Europe
1308,2020-03-03,3,3,2020,6,0,Belgium,BE,BEL,11422068.0,Europe
1309,2020-03-02,2,3,2020,1,0,Belgium,BE,BEL,11422068.0,Europe
1310,2020-03-01,1,3,2020,0,0,Belgium,BE,BEL,11422068.0,Europe
1311,2020-02-29,29,2,2020,0,0,Belgium,BE,BEL,11422068.0,Europe
1312,2020-02-28,28,2,2020,0,0,Belgium,BE,BEL,11422068.0,Europe
1313,2020-02-27,27,2,2020,0,0,Belgium,BE,BEL,11422068.0,Europe
1314,2020-02-26,26,2,2020,0,0,Belgium,BE,BEL,11422068.0,Europe
1315,2020-02-25,25,2,2020,0,0,Belgium,BE,BEL,11422068.0,Europe
1316,2020-02-24,24,2,2020,0,0,Belgium,BE,BEL,11422068.0,Europe
1317,2020-02-23,23,2,2020,0,0,Belgium,BE,BEL,11422068.0,Europe
1318,2020-02-22,22,2,2020,0,0,Belgium,BE,BEL,11422068.0,Europe
1319,2020-02-21,21,2,2020,0,0,Belgium,BE,BEL,11422068.0,Europe
1320,2020-02-20,20,2,2020,0,0,Belgium,BE,BEL,11422068.0,Europe
1321,2020-02-19,19,2,2020,0,0,Belgium,BE,BEL,11422068.0,Europe
1322,2020-02-18,18,2,2020,0,0,Belgium,BE,BEL,11422068.0,Europe
1323,2020-02-17,17,2,2020,0,0,Belgium,BE,BEL,11422068.0,Europe
1324,2020-02-16,16,2,2020,0,0,Belgium,BE,BEL,11422068.0,Europe
1325,2020-02-15,15,2,2020,0,0,Belgium,BE,BEL,11422068.0,Europe
1326,2020-02-14,14,2,2020,0,0,Belgium,BE,BEL,11422068.0,Europe
1327,2020-02-13,13,2,2020,0,0,Belgium,BE,BEL,11422068.0,Europe
1328,2020-02-12,12,2,2020,0,0,Belgium,BE,BEL,11422068.0,Europe
1329,2020-02-11,11,2,2020,0,0,Belgium,BE,BEL,11422068.0,Europe
1330,2020-02-10,10,2,2020,0,0,Belgium,BE,BEL,11422068.0,Europe
1331,2020-02-09,9,2,2020,0,0,Belgium,BE,BEL,11422068.0,Europe
1332,2020-02-08,8,2,2020,0,0,Belgium,BE,BEL,11422068.0,Europe
1333,2020-02-07,7,2,2020,0,0,Belgium,BE,BEL,11422068.0,Europe
1334,2020-02-06,6,2,2020,0,0,Belgium,BE,BEL,11422068.0,Europe
1335,2020-02-05,5,2,2020,0,0,Belgium,BE,BEL,11422068.0,Europe
1336,2020-02-04,4,2,2020,1,0,Belgium,BE,BEL,11422068.0,Europe
1337,2020-02-03,3,2,2020,0,0,Belgium,BE,BEL,11422068.0,Europe
1338,2020-02-02,2,2,2020,0,0,Belgium,BE,BEL,11422068.0,Europe
1339,2020-02-01,1,2,2020,0,0,Belgium,BE,BEL,11422068.0,Europe
1340,2020-01-31,31,1,2020,0,0,Belgium,BE,BEL,11422068.0,Europe
1341,2020-01-30,30,1,2020,0,0,Belgium,BE,BEL,11422068.0,Europe
1342,2020-01-29,29,1,2020,0,0,Belgium,BE,BEL,11422068.0,Europe
1343,2020-01-28,28,1,2020,0,0,Belgium,BE,BEL,11422068.0,Europe
1344,2020-01-27,27,1,2020,0,0,Belgium,BE,BEL,11422068.0,Europe
1345,2020-01-26,26,1,2020,0,0,Belgium,BE,BEL,11422068.0,Europe
1346,2020-01-25,25,1,2020,0,0,Belgium,BE,BEL,11422068.0,Europe
1347,2020-01-24,24,1,2020,0,0,Belgium,BE,BEL,11422068.0,Europe
1348,2020-01-23,23,1,2020,0,0,Belgium,BE,BEL,11422068.0,Europe
1349,2020-01-22,22,1,2020,0,0,Belgium,BE,BEL,11422068.0,Europe
1350,2020-01-21,21,1,2020,0,0,Belgium,BE,BEL,11422068.0,Europe
1351,2020-01-20,20,1,2020,0,0,Belgium,BE,BEL,11422068.0,Europe
1352,2020-01-19,19,1,2020,0,0,Belgium,BE,BEL,11422068.0,Europe
1353,2020-01-18,18,1,2020,0,0,Belgium,BE,BEL,11422068.0,Europe
1354,2020-01-17,17,1,2020,0,0,Belgium,BE,BEL,11422068.0,Europe
1355,2020-01-16,16,1,2020,0,0,Belgium,BE,BEL,11422068.0,Europe
1356,2020-01-15,15,1,2020,0,0,Belgium,BE,BEL,11422068.0,Europe
1357,2020-01-14,14,1,2020,0,0,Belgium,BE,BEL,11422068.0,Europe
1358,2020-01-13,13,1,2020,0,0,Belgium,BE,BEL,11422068.0,Europe
1359,2020-01-12,12,1,2020,0,0,Belgium,BE,BEL,11422068.0,Europe
1360,2020-01-11,11,1,2020,0,0,Belgium,BE,BEL,11422068.0,Europe
1361,2020-01-10,10,1,2020,0,0,Belgium,BE,BEL,11422068.0,Europe
1362,2020-01-09,9,1,2020,0,0,Belgium,BE,BEL,11422068.0,Europe
1363,2020-01-08,8,1,2020,0,0,Belgium,BE,BEL,11422068.0,Europe
1364,2020-01-07,7,1,2020,0,0,Belgium,BE,BEL,11422068.0,Europe
1365,2020-01-06,6,1,2020,0,0,Belgium,BE,BEL,11422068.0,Europe
1366,2020-01-05,5,1,2020,0,0,Belgium,BE,BEL,11422068.0,Europe
1367,2020-01-04,4,1,2020,0,0,Belgium,BE,BEL,11422068.0,Europe
1368,2020-01-03,3,1,2020,0,0,Belgium,BE,BEL,11422068.0,Europe
1369,2020-01-02,2,1,2020,0,0,Belgium,BE,BEL,11422068.0,Europe
1370,2020-01-01,1,1,2020,0,0,Belgium,BE,BEL,11422068.0,Europe
1371,2019-12-31,31,12,2019,0,0,Belgium,BE,BEL,11422068.0,Europe
4143,2020-04-23,23,4,2020,1827,544,France,FR,FRA,66987244.0,Europe
4144,2020-04-22,22,4,2020,2667,531,France,FR,FRA,66987244.0,Europe
4145,2020-04-21,21,4,2020,2051,547,France,FR,FRA,66987244.0,Europe
4146,2020-04-20,20,4,2020,785,395,France,FR,FRA,66987244.0,Europe
4147,2020-04-19,19,4,2020,2569,642,France,FR,FRA,66987244.0,Europe
4148,2020-04-18,18,4,2020,405,761,France,FR,FRA,66987244.0,Europe
4149,2020-04-17,17,4,2020,2641,753,France,FR,FRA,66987244.0,Europe
4150,2020-04-16,16,4,2020,2633,1438,France,FR,FRA,66987244.0,Europe
4151,2020-04-15,15,4,2020,5497,762,France,FR,FRA,66987244.0,Europe
4152,2020-04-14,14,4,2020,2673,574,France,FR,FRA,66987244.0,Europe
4153,2020-04-13,13,4,2020,1613,561,France,FR,FRA,66987244.0,Europe
4154,2020-04-12,12,4,2020,3114,635,France,FR,FRA,66987244.0,Europe
4155,2020-04-11,11,4,2020,4342,987,France,FR,FRA,66987244.0,Europe
4156,2020-04-10,10,4,2020,4286,1341,France,FR,FRA,66987244.0,Europe
4157,2020-04-09,9,4,2020,3881,541,France,FR,FRA,66987244.0,Europe
4158,2020-04-08,8,4,2020,3777,1417,France,FR,FRA,66987244.0,Europe
4159,2020-04-07,7,4,2020,3912,833,France,FR,FRA,66987244.0,Europe
4160,2020-04-06,6,4,2020,1873,518,France,FR,FRA,66987244.0,Europe
4161,2020-04-05,5,4,2020,4267,1053,France,FR,FRA,66987244.0,Europe
4162,2020-04-04,4,4,2020,5233,2004,France,FR,FRA,66987244.0,Europe
4163,2020-04-03,3,4,2020,2116,471,France,FR,FRA,66987244.0,Europe
4164,2020-04-02,2,4,2020,4861,509,France,FR,FRA,66987244.0,Europe
4165,2020-04-01,1,4,2020,7578,499,France,FR,FRA,66987244.0,Europe
4166,2020-03-31,31,3,2020,4376,418,France,FR,FRA,66987244.0,Europe
4167,2020-03-30,30,3,2020,2599,292,France,FR,FRA,66987244.0,Europe
4168,2020-03-29,29,3,2020,4611,319,France,FR,FRA,66987244.0,Europe
4169,2020-03-28,28,3,2020,3809,299,France,FR,FRA,66987244.0,Europe
4170,2020-03-27,27,3,2020,3922,365,France,FR,FRA,66987244.0,Europe
4171,2020-03-26,26,3,2020,2931,231,France,FR,FRA,66987244.0,Europe
4172,2020-03-25,25,3,2020,2446,240,France,FR,FRA,66987244.0,Europe
4173,2020-03-24,24,3,2020,3838,186,France,FR,FRA,66987244.0,Europe
4174,2020-03-23,23,3,2020,1559,112,France,FR,FRA,66987244.0,Europe
4175,2020-03-22,22,3,2020,1847,112,France,FR,FRA,66987244.0,Europe
4176,2020-03-21,21,3,2020,1617,78,France,FR,FRA,66987244.0,Europe
4177,2020-03-20,20,3,2020,1861,128,France,FR,FRA,66987244.0,Europe
4178,2020-03-19,19,3,2020,1404,69,France,FR,FRA,66987244.0,Europe
4179,2020-03-18,18,3,2020,1097,27,France,FR,FRA,66987244.0,Europe
4180,2020-03-17,17,3,2020,1210,21,France,FR,FRA,66987244.0,Europe
4181,2020-03-16,16,3,2020,924,36,France,FR,FRA,66987244.0,Europe
4182,2020-03-15,15,3,2020,838,12,France,FR,FRA,66987244.0,Europe
4183,2020-03-14,14,3,2020,785,18,France,FR,FRA,66987244.0,Europe
4184,2020-03-13,13,3,2020,595,13,France,FR,FRA,66987244.0,Europe
4185,2020-03-12,12,3,2020,497,15,France,FR,FRA,66987244.0,Europe
4186,2020-03-11,11,3,2020,372,3,France,FR,FRA,66987244.0,Europe
4187,2020-03-10,10,3,2020,286,11,France,FR,FRA,66987244.0,Europe
4188,2020-03-09,9,3,2020,410,9,France,FR,FRA,66987244.0,Europe
4189,2020-03-08,8,3,2020,103,1,France,FR,FRA,66987244.0,Europe
4190,2020-03-07,7,3,2020,190,2,France,FR,FRA,66987244.0,Europe
4191,2020-03-06,6,3,2020,138,3,France,FR,FRA,66987244.0,Europe
4192,2020-03-05,5,3,2020,73,0,France,FR,FRA,66987244.0,Europe
4193,2020-03-04,4,3,2020,34,1,France,FR,FRA,66987244.0,Europe
4194,2020-03-03,3,3,2020,48,1,France,FR,FRA,66987244.0,Europe
4195,2020-03-02,2,3,2020,30,0,France,FR,FRA,66987244.0,Europe
4196,2020-03-01,1,3,2020,43,0,France,FR,FRA,66987244.0,Europe
4197,2020-02-29,29,2,2020,19,0,France,FR,FRA,66987244.0,Europe
4198,2020-02-28,28,2,2020,21,0,France,FR,FRA,66987244.0,Europe
4199,2020-02-27,27,2,2020,3,1,France,FR,FRA,66987244.0,Europe
4200,2020-02-26,26,2,2020,2,0,France,FR,FRA,66987244.0,Europe
4201,2020-02-25,25,2,2020,0,0,France,FR,FRA,66987244.0,Europe
4202,2020-02-24,24,2,2020,0,0,France,FR,FRA,66987244.0,Europe
4203,2020-02-23,23,2,2020,0,0,France,FR,FRA,66987244.0,Europe
4204,2020-02-22,22,2,2020,0,0,France,FR,FRA,66987244.0,Europe
4205,2020-02-21,21,2,2020,0,0,France,FR,FRA,66987244.0,Europe
4206,2020-02-20,20,2,2020,0,0,France,FR,FRA,66987244.0,Europe
4207,2020-02-19,19,2,2020,0,0,France,FR,FRA,66987244.0,Europe
4208,2020-02-18,18,2,2020,0,0,France,FR,FRA,66987244.0,Europe
4209,2020-02-17,17,2,2020,1,0,France,FR,FRA,66987244.0,Europe
4210,2020-02-16,16,2,2020,0,0,France,FR,FRA,66987244.0,Europe
4211,2020-02-15,15,2,2020,0,1,France,FR,FRA,66987244.0,Europe
4212,2020-02-14,14,2,2020,0,0,France,FR,FRA,66987244.0,Europe
4213,2020-02-13,13,2,2020,0,0,France,FR,FRA,66987244.0,Europe
4214,2020-02-12,12,2,2020,0,0,France,FR,FRA,66987244.0,Europe
4215,2020-02-11,11,2,2020,0,0,France,FR,FRA,66987244.0,Europe
4216,2020-02-10,10,2,2020,0,0,France,FR,FRA,66987244.0,Europe
4217,2020-02-09,9,2,2020,0,0,France,FR,FRA,66987244.0,Europe
4218,2020-02-08,8,2,2020,5,0,France,FR,FRA,66987244.0,Europe
4219,2020-02-07,7,2,2020,0,0,France,FR,FRA,66987244.0,Europe
4220,2020-02-06,6,2,2020,0,0,France,FR,FRA,66987244.0,Europe
4221,2020-02-05,5,2,2020,0,0,France,FR,FRA,66987244.0,Europe
4222,2020-02-04,4,2,2020,0,0,France,FR,FRA,66987244.0,Europe
4223,2020-02-03,3,2,2020,0,0,France,FR,FRA,66987244.0,Europe
4224,2020-02-02,2,2,2020,0,0,France,FR,FRA,66987244.0,Europe
4225,2020-02-01,1,2,2020,0,0,France,FR,FRA,66987244.0,Europe
4226,2020-01-31,31,1,2020,1,0,France,FR,FRA,66987244.0,Europe
4227,2020-01-30,30,1,2020,1,0,France,FR,FRA,66987244.0,Europe
4228,2020-01-29,29,1,2020,1,0,France,FR,FRA,66987244.0,Europe
4229,2020-01-28,28,1,2020,0,0,France,FR,FRA,66987244.0,Europe
4230,2020-01-27,27,1,2020,0,0,France,FR,FRA,66987244.0,Europe
4231,2020-01-26,26,1,2020,0,0,France,FR,FRA,66987244.0,Europe
4232,2020-01-25,25,1,2020,3,0,France,FR,FRA,66987244.0,Europe
4233,2020-01-24,24,1,2020,0,0,France,FR,FRA,66987244.0,Europe
4234,2020-01-23,23,1,2020,0,0,France,FR,FRA,66987244.0,Europe
4235,2020-01-22,22,1,2020,0,0,France,FR,FRA,66987244.0,Europe
4236,2020-01-21,21,1,2020,0,0,France,FR,FRA,66987244.0,Europe
4237,2020-01-20,20,1,2020,0,0,France,FR,FRA,66987244.0,Europe
4238,2020-01-19,19,1,2020,0,0,France,FR,FRA,66987244.0,Europe
4239,2020-01-18,18,1,2020,0,0,France,FR,FRA,66987244.0,Europe
4240,2020-01-17,17,1,2020,0,0,France,FR,FRA,66987244.0,Europe
4241,2020-01-16,16,1,2020,0,0,France,FR,FRA,66987244.0,Europe
4242,2020-01-15,15,1,2020,0,0,France,FR,FRA,66987244.0,Europe
4243,2020-01-14,14,1,2020,0,0,France,FR,FRA,66987244.0,Europe
4244,2020-01-13,13,1,2020,0,0,France,FR,FRA,66987244.0,Europe
4245,2020-01-12,12,1,2020,0,0,France,FR,FRA,66987244.0,Europe
4246,2020-01-11,11,1,2020,0,0,France,FR,FRA,66987244.0,Europe
4247,2020-01-10,10,1,2020,0,0,France,FR,FRA,66987244.0,Europe
4248,2020-01-09,9,1,2020,0,0,France,FR,FRA,66987244.0,Europe
4249,2020-01-08,8,1,2020,0,0,France,FR,FRA,66987244.0,Europe
4250,2020-01-07,7,1,2020,0,0,France,FR,FRA,66987244.0,Europe
4251,2020-01-06,6,1,2020,0,0,France,FR,FRA,66987244.0,Europe
4252,2020-01-05,5,1,2020,0,0,France,FR,FRA,66987244.0,Europe
4253,2020-01-04,4,1,2020,0,0,France,FR,FRA,66987244.0,Europe
4254,2020-01-03,3,1,2020,0,0,France,FR,FRA,66987244.0,Europe
4255,2020-01-02,2,1,2020,0,0,France,FR,FRA,66987244.0,Europe
4256,2020-01-01,1,1,2020,0,0,France,FR,FRA,66987244.0,Europe
4257,2019-12-31,31,12,2019,0,0,France,FR,FRA,66987244.0,Europe
6063,2020-04-23,23,4,2020,3370,437,Italy,IT,ITA,60431283.0,Europe
6064,2020-04-22,22,4,2020,2729,534,Italy,IT,ITA,60431283.0,Europe
6065,2020-04-21,21,4,2020,2256,454,Italy,IT,ITA,60431283.0,Europe
6066,2020-04-20,20,4,2020,3047,433,Italy,IT,ITA,60431283.0,Europe
6067,2020-04-19,19,4,2020,3491,480,Italy,IT,ITA,60431283.0,Europe
6068,2020-04-18,18,4,2020,3493,575,Italy,IT,ITA,60431283.0,Europe
6069,2020-04-17,17,4,2020,3786,525,Italy,IT,ITA,60431283.0,Europe
6070,2020-04-16,16,4,2020,2667,578,Italy,IT,ITA,60431283.0,Europe
6071,2020-04-15,15,4,2020,2972,604,Italy,IT,ITA,60431283.0,Europe
6072,2020-04-14,14,4,2020,3153,564,Italy,IT,ITA,60431283.0,Europe
6073,2020-04-13,13,4,2020,4092,431,Italy,IT,ITA,60431283.0,Europe
6074,2020-04-12,12,4,2020,4694,619,Italy,IT,ITA,60431283.0,Europe
6075,2020-04-11,11,4,2020,3951,570,Italy,IT,ITA,60431283.0,Europe
6076,2020-04-10,10,4,2020,4204,612,Italy,IT,ITA,60431283.0,Europe
6077,2020-04-09,9,4,2020,3836,540,Italy,IT,ITA,60431283.0,Europe
6078,2020-04-08,8,4,2020,3039,604,Italy,IT,ITA,60431283.0,Europe
6079,2020-04-07,7,4,2020,3599,636,Italy,IT,ITA,60431283.0,Europe
6080,2020-04-06,6,4,2020,4316,527,Italy,IT,ITA,60431283.0,Europe
6081,2020-04-05,5,4,2020,4805,681,Italy,IT,ITA,60431283.0,Europe
6082,2020-04-04,4,4,2020,4585,764,Italy,IT,ITA,60431283.0,Europe
6083,2020-04-03,3,4,2020,4668,760,Italy,IT,ITA,60431283.0,Europe
6084,2020-04-02,2,4,2020,4782,727,Italy,IT,ITA,60431283.0,Europe
6085,2020-04-01,1,4,2020,4053,839,Italy,IT,ITA,60431283.0,Europe
6086,2020-03-31,31,3,2020,4050,810,Italy,IT,ITA,60431283.0,Europe
6087,2020-03-30,30,3,2020,5217,758,Italy,IT,ITA,60431283.0,Europe
6088,2020-03-29,29,3,2020,5974,887,Italy,IT,ITA,60431283.0,Europe
6089,2020-03-28,28,3,2020,5959,971,Italy,IT,ITA,60431283.0,Europe
6090,2020-03-27,27,3,2020,6153,660,Italy,IT,ITA,60431283.0,Europe
6091,2020-03-26,26,3,2020,5210,685,Italy,IT,ITA,60431283.0,Europe
6092,2020-03-25,25,3,2020,5249,743,Italy,IT,ITA,60431283.0,Europe
6093,2020-03-24,24,3,2020,4789,601,Italy,IT,ITA,60431283.0,Europe
6094,2020-03-23,23,3,2020,5560,649,Italy,IT,ITA,60431283.0,Europe
6095,2020-03-22,22,3,2020,6557,795,Italy,IT,ITA,60431283.0,Europe
6096,2020-03-21,21,3,2020,5986,625,Italy,IT,ITA,60431283.0,Europe
6097,2020-03-20,20,3,2020,5322,429,Italy,IT,ITA,60431283.0,Europe
6098,2020-03-19,19,3,2020,4207,473,Italy,IT,ITA,60431283.0,Europe
6099,2020-03-18,18,3,2020,3526,347,Italy,IT,ITA,60431283.0,Europe
6100,2020-03-17,17,3,2020,4000,347,Italy,IT,ITA,60431283.0,Europe
6101,2020-03-16,16,3,2020,2823,370,Italy,IT,ITA,60431283.0,Europe
6102,2020-03-15,15,3,2020,3497,173,Italy,IT,ITA,60431283.0,Europe
6103,2020-03-14,14,3,2020,2547,252,Italy,IT,ITA,60431283.0,Europe
6104,2020-03-13,13,3,2020,2651,189,Italy,IT,ITA,60431283.0,Europe
6105,2020-03-12,12,3,2020,2313,196,Italy,IT,ITA,60431283.0,Europe
6106,2020-03-11,11,3,2020,977,167,Italy,IT,ITA,60431283.0,Europe
6107,2020-03-10,10,3,2020,1797,98,Italy,IT,ITA,60431283.0,Europe
6108,2020-03-09,9,3,2020,1492,133,Italy,IT,ITA,60431283.0,Europe
6109,2020-03-08,8,3,2020,1247,36,Italy,IT,ITA,60431283.0,Europe
6110,2020-03-07,7,3,2020,778,49,Italy,IT,ITA,60431283.0,Europe
6111,2020-03-06,6,3,2020,769,41,Italy,IT,ITA,60431283.0,Europe
6112,2020-03-05,5,3,2020,587,27,Italy,IT,ITA,60431283.0,Europe
6113,2020-03-04,4,3,2020,466,28,Italy,IT,ITA,60431283.0,Europe
6114,2020-03-03,3,3,2020,347,17,Italy,IT,ITA,60431283.0,Europe
6115,2020-03-02,2,3,2020,561,6,Italy,IT,ITA,60431283.0,Europe
6116,2020-03-01,1,3,2020,240,8,Italy,IT,ITA,60431283.0,Europe
6117,2020-02-29,29,2,2020,238,4,Italy,IT,ITA,60431283.0,Europe
6118,2020-02-28,28,2,2020,250,5,Italy,IT,ITA,60431283.0,Europe
6119,2020-02-27,27,2,2020,78,1,Italy,IT,ITA,60431283.0,Europe
6120,2020-02-26,26,2,2020,93,5,Italy,IT,ITA,60431283.0,Europe
6121,2020-02-25,25,2,2020,97,4,Italy,IT,ITA,60431283.0,Europe
6122,2020-02-24,24,2,2020,53,0,Italy,IT,ITA,60431283.0,Europe
6123,2020-02-23,23,2,2020,62,2,Italy,IT,ITA,60431283.0,Europe
6124,2020-02-22,22,2,2020,14,0,Italy,IT,ITA,60431283.0,Europe
6125,2020-02-21,21,2,2020,0,0,Italy,IT,ITA,60431283.0,Europe
6126,2020-02-20,20,2,2020,0,0,Italy,IT,ITA,60431283.0,Europe
6127,2020-02-19,19,2,2020,0,0,Italy,IT,ITA,60431283.0,Europe
6128,2020-02-18,18,2,2020,0,0,Italy,IT,ITA,60431283.0,Europe
6129,2020-02-17,17,2,2020,0,0,Italy,IT,ITA,60431283.0,Europe
6130,2020-02-16,16,2,2020,0,0,Italy,IT,ITA,60431283.0,Europe
6131,2020-02-15,15,2,2020,0,0,Italy,IT,ITA,60431283.0,Europe
6132,2020-02-14,14,2,2020,0,0,Italy,IT,ITA,60431283.0,Europe
6133,2020-02-13,13,2,2020,0,0,Italy,IT,ITA,60431283.0,Europe
6134,2020-02-12,12,2,2020,0,0,Italy,IT,ITA,60431283.0,Europe
6135,2020-02-11,11,2,2020,0,0,Italy,IT,ITA,60431283.0,Europe
6136,2020-02-10,10,2,2020,0,0,Italy,IT,ITA,60431283.0,Europe
6137,2020-02-09,9,2,2020,0,0,Italy,IT,ITA,60431283.0,Europe
6138,2020-02-08,8,2,2020,0,0,Italy,IT,ITA,60431283.0,Europe
6139,2020-02-07,7,2,2020,0,0,Italy,IT,ITA,60431283.0,Europe
6140,2020-02-06,6,2,2020,0,0,Italy,IT,ITA,60431283.0,Europe
6141,2020-02-05,5,2,2020,0,0,Italy,IT,ITA,60431283.0,Europe
6142,2020-02-04,4,2,2020,0,0,Italy,IT,ITA,60431283.0,Europe
6143,2020-02-03,3,2,2020,0,0,Italy,IT,ITA,60431283.0,Europe
6144,2020-02-02,2,2,2020,0,0,Italy,IT,ITA,60431283.0,Europe
6145,2020-02-01,1,2,2020,0,0,Italy,IT,ITA,60431283.0,Europe
6146,2020-01-31,31,1,2020,3,0,Italy,IT,ITA,60431283.0,Europe
6147,2020-01-30,30,1,2020,0,0,Italy,IT,ITA,60431283.0,Europe
6148,2020-01-29,29,1,2020,0,0,Italy,IT,ITA,60431283.0,Europe
6149,2020-01-28,28,1,2020,0,0,Italy,IT,ITA,60431283.0,Europe
6150,2020-01-27,27,1,2020,0,0,Italy,IT,ITA,60431283.0,Europe
6151,2020-01-26,26,1,2020,0,0,Italy,IT,ITA,60431283.0,Europe
6152,2020-01-25,25,1,2020,0,0,Italy,IT,ITA,60431283.0,Europe
6153,2020-01-24,24,1,2020,0,0,Italy,IT,ITA,60431283.0,Europe
6154,2020-01-23,23,1,2020,0,0,Italy,IT,ITA,60431283.0,Europe
6155,2020-01-22,22,1,2020,0,0,Italy,IT,ITA,60431283.0,Europe
6156,2020-01-21,21,1,2020,0,0,Italy,IT,ITA,60431283.0,Europe
6157,2020-01-20,20,1,2020,0,0,Italy,IT,ITA,60431283.0,Europe
6158,2020-01-19,19,1,2020,0,0,Italy,IT,ITA,60431283.0,Europe
6159,2020-01-18,18,1,2020,0,0,Italy,IT,ITA,60431283.0,Europe
6160,2020-01-17,17,1,2020,0,0,Italy,IT,ITA,60431283.0,Europe
6161,2020-01-16,16,1,2020,0,0,Italy,IT,ITA,60431283.0,Europe
6162,2020-01-15,15,1,2020,0,0,Italy,IT,ITA,60431283.0,Europe
6163,2020-01-14,14,1,2020,0,0,Italy,IT,ITA,60431283.0,Europe
6164,2020-01-13,13,1,2020,0,0,Italy,IT,ITA,60431283.0,Europe
6165,2020-01-12,12,1,2020,0,0,Italy,IT,ITA,60431283.0,Europe
6166,2020-01-11,11,1,2020,0,0,Italy,IT,ITA,60431283.0,Europe
6167,2020-01-10,10,1,2020,0,0,Italy,IT,ITA,60431283.0,Europe
6168,2020-01-09,9,1,2020,0,0,Italy,IT,ITA,60431283.0,Europe
6169,2020-01-08,8,1,2020,0,0,Italy,IT,ITA,60431283.0,Europe
6170,2020-01-07,7,1,2020,0,0,Italy,IT,ITA,60431283.0,Europe
6171,2020-01-06,6,1,2020,0,0,Italy,IT,ITA,60431283.0,Europe
6172,2020-01-05,5,1,2020,0,0,Italy,IT,ITA,60431283.0,Europe
6173,2020-01-04,4,1,2020,0,0,Italy,IT,ITA,60431283.0,Europe
6174,2020-01-03,3,1,2020,0,0,Italy,IT,ITA,60431283.0,Europe
6175,2020-01-02,2,1,2020,0,0,Italy,IT,ITA,60431283.0,Europe
6176,2020-01-01,1,1,2020,0,0,Italy,IT,ITA,60431283.0,Europe
6177,2019-12-31,31,12,2019,0,0,Italy,IT,ITA,60431283.0,Europe
10788,2020-04-23,23,4,2020,4211,435,Spain,ES,ESP,46723749.0,Europe
10789,2020-04-22,22,4,2020,3968,430,Spain,ES,ESP,46723749.0,Europe
10790,2020-04-21,21,4,2020,4266,399,Spain,ES,ESP,46723749.0,Europe
10791,2020-04-20,20,4,2020,4218,410,Spain,ES,ESP,46723749.0,Europe
10792,2020-04-19,19,4,2020,3658,565,Spain,ES,ESP,46723749.0,Europe
10793,2020-04-18,18,4,2020,5252,348,Spain,ES,ESP,46723749.0,Europe
10794,2020-04-17,17,4,2020,5183,551,Spain,ES,ESP,46723749.0,Europe
10795,2020-04-16,16,4,2020,5092,523,Spain,ES,ESP,46723749.0,Europe
10796,2020-04-15,15,4,2020,3045,567,Spain,ES,ESP,46723749.0,Europe
10797,2020-04-14,14,4,2020,3477,517,Spain,ES,ESP,46723749.0,Europe
10798,2020-04-13,13,4,2020,4167,619,Spain,ES,ESP,46723749.0,Europe
10799,2020-04-12,12,4,2020,4830,510,Spain,ES,ESP,46723749.0,Europe
10800,2020-04-11,11,4,2020,4576,605,Spain,ES,ESP,46723749.0,Europe
10801,2020-04-10,10,4,2020,5756,683,Spain,ES,ESP,46723749.0,Europe
10802,2020-04-09,9,4,2020,6180,757,Spain,ES,ESP,46723749.0,Europe
10803,2020-04-08,8,4,2020,5478,743,Spain,ES,ESP,46723749.0,Europe
10804,2020-04-07,7,4,2020,4273,637,Spain,ES,ESP,46723749.0,Europe
10805,2020-04-06,6,4,2020,6023,674,Spain,ES,ESP,46723749.0,Europe
10806,2020-04-05,5,4,2020,7026,809,Spain,ES,ESP,46723749.0,Europe
10807,2020-04-04,4,4,2020,7472,932,Spain,ES,ESP,46723749.0,Europe
10808,2020-04-03,3,4,2020,8102,950,Spain,ES,ESP,46723749.0,Europe
10809,2020-04-02,2,4,2020,7719,864,Spain,ES,ESP,46723749.0,Europe
10810,2020-04-01,1,4,2020,9222,849,Spain,ES,ESP,46723749.0,Europe
10811,2020-03-31,31,3,2020,6398,812,Spain,ES,ESP,46723749.0,Europe
10812,2020-03-30,30,3,2020,6549,838,Spain,ES,ESP,46723749.0,Europe
10813,2020-03-29,29,3,2020,8189,832,Spain,ES,ESP,46723749.0,Europe
10814,2020-03-28,28,3,2020,7871,769,Spain,ES,ESP,46723749.0,Europe
10815,2020-03-27,27,3,2020,8578,655,Spain,ES,ESP,46723749.0,Europe
10816,2020-03-26,26,3,2020,7937,738,Spain,ES,ESP,46723749.0,Europe
10817,2020-03-25,25,3,2020,6584,514,Spain,ES,ESP,46723749.0,Europe
10818,2020-03-24,24,3,2020,4517,462,Spain,ES,ESP,46723749.0,Europe
10819,2020-03-23,23,3,2020,3646,394,Spain,ES,ESP,46723749.0,Europe
10820,2020-03-22,22,3,2020,4946,324,Spain,ES,ESP,46723749.0,Europe
10821,2020-03-21,21,3,2020,2833,235,Spain,ES,ESP,46723749.0,Europe
10822,2020-03-20,20,3,2020,3431,169,Spain,ES,ESP,46723749.0,Europe
10823,2020-03-19,19,3,2020,2538,107,Spain,ES,ESP,46723749.0,Europe
10824,2020-03-18,18,3,2020,1987,182,Spain,ES,ESP,46723749.0,Europe
10825,2020-03-17,17,3,2020,1438,21,Spain,ES,ESP,46723749.0,Europe
10826,2020-03-16,16,3,2020,2000,152,Spain,ES,ESP,46723749.0,Europe
10827,2020-03-15,15,3,2020,1522,15,Spain,ES,ESP,46723749.0,Europe
10828,2020-03-14,14,3,2020,1227,37,Spain,ES,ESP,46723749.0,Europe
10829,2020-03-13,13,3,2020,864,37,Spain,ES,ESP,46723749.0,Europe
10830,2020-03-12,12,3,2020,501,12,Spain,ES,ESP,46723749.0,Europe
10831,2020-03-11,11,3,2020,435,7,Spain,ES,ESP,46723749.0,Europe
10832,2020-03-10,10,3,2020,615,23,Spain,ES,ESP,46723749.0,Europe
10833,2020-03-09,9,3,2020,159,0,Spain,ES,ESP,46723749.0,Europe
10834,2020-03-08,8,3,2020,56,0,Spain,ES,ESP,46723749.0,Europe
10835,2020-03-07,7,3,2020,113,2,Spain,ES,ESP,46723749.0,Europe
10836,2020-03-06,6,3,2020,61,2,Spain,ES,ESP,46723749.0,Europe
10837,2020-03-05,5,3,2020,49,1,Spain,ES,ESP,46723749.0,Europe
10838,2020-03-04,4,3,2020,37,0,Spain,ES,ESP,46723749.0,Europe
10839,2020-03-03,3,3,2020,31,0,Spain,ES,ESP,46723749.0,Europe
10840,2020-03-02,2,3,2020,17,0,Spain,ES,ESP,46723749.0,Europe
10841,2020-03-01,1,3,2020,32,0,Spain,ES,ESP,46723749.0,Europe
10842,2020-02-29,29,2,2020,9,0,Spain,ES,ESP,46723749.0,Europe
10843,2020-02-28,28,2,2020,13,0,Spain,ES,ESP,46723749.0,Europe
10844,2020-02-27,27,2,2020,5,0,Spain,ES,ESP,46723749.0,Europe
10845,2020-02-26,26,2,2020,4,0,Spain,ES,ESP,46723749.0,Europe
10846,2020-02-25,25,2,2020,1,0,Spain,ES,ESP,46723749.0,Europe
10847,2020-02-24,24,2,2020,0,0,Spain,ES,ESP,46723749.0,Europe
10848,2020-02-23,23,2,2020,0,0,Spain,ES,ESP,46723749.0,Europe
10849,2020-02-22,22,2,2020,0,0,Spain,ES,ESP,46723749.0,Europe
10850,2020-02-21,21,2,2020,0,0,Spain,ES,ESP,46723749.0,Europe
10851,2020-02-20,20,2,2020,0,0,Spain,ES,ESP,46723749.0,Europe
10852,2020-02-19,19,2,2020,0,0,Spain,ES,ESP,46723749.0,Europe
10853,2020-02-18,18,2,2020,0,0,Spain,ES,ESP,46723749.0,Europe
10854,2020-02-17,17,2,2020,0,0,Spain,ES,ESP,46723749.0,Europe
10855,2020-02-16,16,2,2020,0,0,Spain,ES,ESP,46723749.0,Europe
10856,2020-02-15,15,2,2020,0,0,Spain,ES,ESP,46723749.0,Europe
10857,2020-02-14,14,2,2020,0,0,Spain,ES,ESP,46723749.0,Europe
10858,2020-02-13,13,2,2020,0,0,Spain,ES,ESP,46723749.0,Europe
10859,2020-02-12,12,2,2020,0,0,Spain,ES,ESP,46723749.0,Europe
10860,2020-02-11,11,2,2020,0,0,Spain,ES,ESP,46723749.0,Europe
10861,2020-02-10,10,2,2020,1,0,Spain,ES,ESP,46723749.0,Europe
10862,2020-02-09,9,2,2020,0,0,Spain,ES,ESP,46723749.0,Europe
10863,2020-02-08,8,2,2020,0,0,Spain,ES,ESP,46723749.0,Europe
10864,2020-02-07,7,2,2020,0,0,Spain,ES,ESP,46723749.0,Europe
10865,2020-02-06,6,2,2020,0,0,Spain,ES,ESP,46723749.0,Europe
10866,2020-02-05,5,2,2020,0,0,Spain,ES,ESP,46723749.0,Europe
10867,2020-02-04,4,2,2020,0,0,Spain,ES,ESP,46723749.0,Europe
10868,2020-02-03,3,2,2020,0,0,Spain,ES,ESP,46723749.0,Europe
10869,2020-02-02,2,2,2020,0,0,Spain,ES,ESP,46723749.0,Europe
10870,2020-02-01,1,2,2020,1,0,Spain,ES,ESP,46723749.0,Europe
10871,2020-01-31,31,1,2020,0,0,Spain,ES,ESP,46723749.0,Europe
10872,2020-01-30,30,1,2020,0,0,Spain,ES,ESP,46723749.0,Europe
10873,2020-01-29,29,1,2020,0,0,Spain,ES,ESP,46723749.0,Europe
10874,2020-01-28,28,1,2020,0,0,Spain,ES,ESP,46723749.0,Europe
10875,2020-01-27,27,1,2020,0,0,Spain,ES,ESP,46723749.0,Europe
10876,2020-01-26,26,1,2020,0,0,Spain,ES,ESP,46723749.0,Europe
10877,2020-01-25,25,1,2020,0,0,Spain,ES,ESP,46723749.0,Europe
10878,2020-01-24,24,1,2020,0,0,Spain,ES,ESP,46723749.0,Europe
10879,2020-01-23,23,1,2020,0,0,Spain,ES,ESP,46723749.0,Europe
10880,2020-01-22,22,1,2020,0,0,Spain,ES,ESP,46723749.0,Europe
10881,2020-01-21,21,1,2020,0,0,Spain,ES,ESP,46723749.0,Europe
10882,2020-01-20,20,1,2020,0,0,Spain,ES,ESP,46723749.0,Europe
10883,2020-01-19,19,1,2020,0,0,Spain,ES,ESP,46723749.0,Europe
10884,2020-01-18,18,1,2020,0,0,Spain,ES,ESP,46723749.0,Europe
10885,2020-01-17,17,1,2020,0,0,Spain,ES,ESP,46723749.0,Europe
10886,2020-01-16,16,1,2020,0,0,Spain,ES,ESP,46723749.0,Europe
10887,2020-01-15,15,1,2020,0,0,Spain,ES,ESP,46723749.0,Europe
10888,2020-01-14,14,1,2020,0,0,Spain,ES,ESP,46723749.0,Europe
10889,2020-01-13,13,1,2020,0,0,Spain,ES,ESP,46723749.0,Europe
10890,2020-01-12,12,1,2020,0,0,Spain,ES,ESP,46723749.0,Europe
10891,2020-01-11,11,1,2020,0,0,Spain,ES,ESP,46723749.0,Europe
10892,2020-01-10,10,1,2020,0,0,Spain,ES,ESP,46723749.0,Europe
10893,2020-01-09,9,1,2020,0,0,Spain,ES,ESP,46723749.0,Europe
10894,2020-01-08,8,1,2020,0,0,Spain,ES,ESP,46723749.0,Europe
10895,2020-01-07,7,1,2020,0,0,Spain,ES,ESP,46723749.0,Europe
10896,2020-01-06,6,1,2020,0,0,Spain,ES,ESP,46723749.0,Europe
10897,2020-01-05,5,1,2020,0,0,Spain,ES,ESP,46723749.0,Europe
10898,2020-01-04,4,1,2020,0,0,Spain,ES,ESP,46723749.0,Europe
10899,2020-01-03,3,1,2020,0,0,Spain,ES,ESP,46723749.0,Europe
10900,2020-01-02,2,1,2020,0,0,Spain,ES,ESP,46723749.0,Europe
10901,2020-01-01,1,1,2020,0,0,Spain,ES,ESP,46723749.0,Europe
10902,2019-12-31,31,12,2019,0,0,Spain,ES,ESP,46723749.0,Europe
11984,2020-04-23,23,4,2020,4451,763,United_Kingdom,UK,GBR,66488991.0,Europe
11985,2020-04-22,22,4,2020,4301,828,United_Kingdom,UK,GBR,66488991.0,Europe
11986,2020-04-21,21,4,2020,4676,449,United_Kingdom,UK,GBR,66488991.0,Europe
11987,2020-04-20,20,4,2020,5850,596,United_Kingdom,UK,GBR,66488991.0,Europe
11988,2020-04-19,19,4,2020,5525,888,United_Kingdom,UK,GBR,66488991.0,Europe
11989,2020-04-18,18,4,2020,5599,847,United_Kingdom,UK,GBR,66488991.0,Europe
11990,2020-04-17,17,4,2020,4617,861,United_Kingdom,UK,GBR,66488991.0,Europe
11991,2020-04-16,16,4,2020,4603,761,United_Kingdom,UK,GBR,66488991.0,Europe
11992,2020-04-15,15,4,2020,5252,778,United_Kingdom,UK,GBR,66488991.0,Europe
11993,2020-04-14,14,4,2020,4342,717,United_Kingdom,UK,GBR,66488991.0,Europe
11994,2020-04-13,13,4,2020,5288,737,United_Kingdom,UK,GBR,66488991.0,Europe
11995,2020-04-12,12,4,2020,8719,917,United_Kingdom,UK,GBR,66488991.0,Europe
11996,2020-04-11,11,4,2020,5195,980,United_Kingdom,UK,GBR,66488991.0,Europe
11997,2020-04-10,10,4,2020,4344,881,United_Kingdom,UK,GBR,66488991.0,Europe
11998,2020-04-09,9,4,2020,5491,938,United_Kingdom,UK,GBR,66488991.0,Europe
11999,2020-04-08,8,4,2020,3634,786,United_Kingdom,UK,GBR,66488991.0,Europe
12000,2020-04-07,7,4,2020,3802,439,United_Kingdom,UK,GBR,66488991.0,Europe
12001,2020-04-06,6,4,2020,5903,621,United_Kingdom,UK,GBR,66488991.0,Europe
12002,2020-04-05,5,4,2020,3735,708,United_Kingdom,UK,GBR,66488991.0,Europe
12003,2020-04-04,4,4,2020,4450,684,United_Kingdom,UK,GBR,66488991.0,Europe
12004,2020-04-03,3,4,2020,4244,389,United_Kingdom,UK,GBR,66488991.0,Europe
12005,2020-04-02,2,4,2020,4324,743,United_Kingdom,UK,GBR,66488991.0,Europe
12006,2020-04-01,1,4,2020,3009,381,United_Kingdom,UK,GBR,66488991.0,Europe
12007,2020-03-31,31,3,2020,2619,180,United_Kingdom,UK,GBR,66488991.0,Europe
12008,2020-03-30,30,3,2020,2433,209,United_Kingdom,UK,GBR,66488991.0,Europe
12009,2020-03-29,29,3,2020,2546,260,United_Kingdom,UK,GBR,66488991.0,Europe
12010,2020-03-28,28,3,2020,2885,181,United_Kingdom,UK,GBR,66488991.0,Europe
12011,2020-03-27,27,3,2020,2129,115,United_Kingdom,UK,GBR,66488991.0,Europe
12012,2020-03-26,26,3,2020,1452,41,United_Kingdom,UK,GBR,66488991.0,Europe
12013,2020-03-25,25,3,2020,1427,87,United_Kingdom,UK,GBR,66488991.0,Europe
12014,2020-03-24,24,3,2020,967,54,United_Kingdom,UK,GBR,66488991.0,Europe
12015,2020-03-23,23,3,2020,665,48,United_Kingdom,UK,GBR,66488991.0,Europe
12016,2020-03-22,22,3,2020,1035,56,United_Kingdom,UK,GBR,66488991.0,Europe
12017,2020-03-21,21,3,2020,706,33,United_Kingdom,UK,GBR,66488991.0,Europe
12018,2020-03-20,20,3,2020,647,41,United_Kingdom,UK,GBR,66488991.0,Europe
12019,2020-03-19,19,3,2020,680,43,United_Kingdom,UK,GBR,66488991.0,Europe
12020,2020-03-18,18,3,2020,407,5,United_Kingdom,UK,GBR,66488991.0,Europe
12021,2020-03-17,17,3,2020,152,20,United_Kingdom,UK,GBR,66488991.0,Europe
12022,2020-03-16,16,3,2020,251,14,United_Kingdom,UK,GBR,66488991.0,Europe
12023,2020-03-15,15,3,2020,433,11,United_Kingdom,UK,GBR,66488991.0,Europe
12024,2020-03-14,14,3,2020,117,0,United_Kingdom,UK,GBR,66488991.0,Europe
12025,2020-03-13,13,3,2020,134,4,United_Kingdom,UK,GBR,66488991.0,Europe
12026,2020-03-12,12,3,2020,83,0,United_Kingdom,UK,GBR,66488991.0,Europe
12027,2020-03-11,11,3,2020,52,1,United_Kingdom,UK,GBR,66488991.0,Europe
12028,2020-03-10,10,3,2020,48,2,United_Kingdom,UK,GBR,66488991.0,Europe
12029,2020-03-09,9,3,2020,67,1,United_Kingdom,UK,GBR,66488991.0,Europe
12030,2020-03-08,8,3,2020,43,1,United_Kingdom,UK,GBR,66488991.0,Europe
12031,2020-03-07,7,3,2020,48,0,United_Kingdom,UK,GBR,66488991.0,Europe
12032,2020-03-06,6,3,2020,30,1,United_Kingdom,UK,GBR,66488991.0,Europe
12033,2020-03-05,5,3,2020,34,0,United_Kingdom,UK,GBR,66488991.0,Europe
12034,2020-03-04,4,3,2020,11,0,United_Kingdom,UK,GBR,66488991.0,Europe
12035,2020-03-03,3,3,2020,4,0,United_Kingdom,UK,GBR,66488991.0,Europe
12036,2020-03-02,2,3,2020,13,0,United_Kingdom,UK,GBR,66488991.0,Europe
12037,2020-03-01,1,3,2020,5,0,United_Kingdom,UK,GBR,66488991.0,Europe
12038,2020-02-29,29,2,2020,2,0,United_Kingdom,UK,GBR,66488991.0,Europe
12039,2020-02-28,28,2,2020,3,0,United_Kingdom,UK,GBR,66488991.0,Europe
12040,2020-02-27,27,2,2020,0,0,United_Kingdom,UK,GBR,66488991.0,Europe
12041,2020-02-26,26,2,2020,0,0,United_Kingdom,UK,GBR,66488991.0,Europe
12042,2020-02-25,25,2,2020,0,0,United_Kingdom,UK,GBR,66488991.0,Europe
12043,2020-02-24,24,2,2020,4,0,United_Kingdom,UK,GBR,66488991.0,Europe
12044,2020-02-23,23,2,2020,0,0,United_Kingdom,UK,GBR,66488991.0,Europe
12045,2020-02-22,22,2,2020,0,0,United_Kingdom,UK,GBR,66488991.0,Europe
12046,2020-02-21,21,2,2020,0,0,United_Kingdom,UK,GBR,66488991.0,Europe
12047,2020-02-20,20,2,2020,0,0,United_Kingdom,UK,GBR,66488991.0,Europe
12048,2020-02-19,19,2,2020,0,0,United_Kingdom,UK,GBR,66488991.0,Europe
12049,2020-02-18,18,2,2020,0,0,United_Kingdom,UK,GBR,66488991.0,Europe
12050,2020-02-17,17,2,2020,0,0,United_Kingdom,UK,GBR,66488991.0,Europe
12051,2020-02-16,16,2,2020,0,0,United_Kingdom,UK,GBR,66488991.0,Europe
12052,2020-02-15,15,2,2020,0,0,United_Kingdom,UK,GBR,66488991.0,Europe
12053,2020-02-14,14,2,2020,0,0,United_Kingdom,UK,GBR,66488991.0,Europe
12054,2020-02-13,13,2,2020,1,0,United_Kingdom,UK,GBR,66488991.0,Europe
12055,2020-02-12,12,2,2020,0,0,United_Kingdom,UK,GBR,66488991.0,Europe
12056,2020-02-11,11,2,2020,4,0,United_Kingdom,UK,GBR,66488991.0,Europe
12057,2020-02-10,10,2,2020,0,0,United_Kingdom,UK,GBR,66488991.0,Europe
12058,2020-02-09,9,2,2020,1,0,United_Kingdom,UK,GBR,66488991.0,Europe
12059,2020-02-08,8,2,2020,0,0,United_Kingdom,UK,GBR,66488991.0,Europe
12060,2020-02-07,7,2,2020,1,0,United_Kingdom,UK,GBR,66488991.0,Europe
12061,2020-02-06,6,2,2020,0,0,United_Kingdom,UK,GBR,66488991.0,Europe
12062,2020-02-05,5,2,2020,0,0,United_Kingdom,UK,GBR,66488991.0,Europe
12063,2020-02-04,4,2,2020,0,0,United_Kingdom,UK,GBR,66488991.0,Europe
12064,2020-02-03,3,2,2020,0,0,United_Kingdom,UK,GBR,66488991.0,Europe
12065,2020-02-02,2,2,2020,0,0,United_Kingdom,UK,GBR,66488991.0,Europe
12066,2020-02-01,1,2,2020,0,0,United_Kingdom,UK,GBR,66488991.0,Europe
12067,2020-01-31,31,1,2020,2,0,United_Kingdom,UK,GBR,66488991.0,Europe
12068,2020-01-30,30,1,2020,0,0,United_Kingdom,UK,GBR,66488991.0,Europe
12069,2020-01-29,29,1,2020,0,0,United_Kingdom,UK,GBR,66488991.0,Europe
12070,2020-01-28,28,1,2020,0,0,United_Kingdom,UK,GBR,66488991.0,Europe
12071,2020-01-27,27,1,2020,0,0,United_Kingdom,UK,GBR,66488991.0,Europe
12072,2020-01-26,26,1,2020,0,0,United_Kingdom,UK,GBR,66488991.0,Europe
12073,2020-01-25,25,1,2020,0,0,United_Kingdom,UK,GBR,66488991.0,Europe
12074,2020-01-24,24,1,2020,0,0,United_Kingdom,UK,GBR,66488991.0,Europe
12075,2020-01-23,23,1,2020,0,0,United_Kingdom,UK,GBR,66488991.0,Europe
12076,2020-01-22,22,1,2020,0,0,United_Kingdom,UK,GBR,66488991.0,Europe
12077,2020-01-21,21,1,2020,0,0,United_Kingdom,UK,GBR,66488991.0,Europe
12078,2020-01-20,20,1,2020,0,0,United_Kingdom,UK,GBR,66488991.0,Europe
12079,2020-01-19,19,1,2020,0,0,United_Kingdom,UK,GBR,66488991.0,Europe
12080,2020-01-18,18,1,2020,0,0,United_Kingdom,UK,GBR,66488991.0,Europe
12081,2020-01-17,17,1,2020,0,0,United_Kingdom,UK,GBR,66488991.0,Europe
12082,2020-01-16,16,1,2020,0,0,United_Kingdom,UK,GBR,66488991.0,Europe
12083,2020-01-15,15,1,2020,0,0,United_Kingdom,UK,GBR,66488991.0,Europe
12084,2020-01-14,14,1,2020,0,0,United_Kingdom,UK,GBR,66488991.0,Europe
12085,2020-01-13,13,1,2020,0,0,United_Kingdom,UK,GBR,66488991.0,Europe
12086,2020-01-12,12,1,2020,0,0,United_Kingdom,UK,GBR,66488991.0,Europe
12087,2020-01-11,11,1,2020,0,0,United_Kingdom,UK,GBR,66488991.0,Europe
12088,2020-01-10,10,1,2020,0,0,United_Kingdom,UK,GBR,66488991.0,Europe
12089,2020-01-09,9,1,2020,0,0,United_Kingdom,UK,GBR,66488991.0,Europe
12090,2020-01-08,8,1,2020,0,0,United_Kingdom,UK,GBR,66488991.0,Europe
12091,2020-01-07,7,1,2020,0,0,United_Kingdom,UK,GBR,66488991.0,Europe
12092,2020-01-06,6,1,2020,0,0,United_Kingdom,UK,GBR,66488991.0,Europe
12093,2020-01-05,5,1,2020,0,0,United_Kingdom,UK,GBR,66488991.0,Europe
12094,2020-01-04,4,1,2020,0,0,United_Kingdom,UK,GBR,66488991.0,Europe
12095,2020-01-03,3,1,2020,0,0,United_Kingdom,UK,GBR,66488991.0,Europe
12096,2020-01-02,2,1,2020,0,0,United_Kingdom,UK,GBR,66488991.0,Europe
12097,2020-01-01,1,1,2020,0,0,United_Kingdom,UK,GBR,66488991.0,Europe
12098,2019-12-31,31,12,2019,0,0,United_Kingdom,UK,GBR,66488991.0,Europe
12137,2020-04-23,23,4,2020,17588,1721,United_States_of_America,US,USA,327167434.0,America
12138,2020-04-22,22,4,2020,37289,2524,United_States_of_America,US,USA,327167434.0,America
12139,2020-04-21,21,4,2020,28065,1857,United_States_of_America,US,USA,327167434.0,America
12140,2020-04-20,20,4,2020,24601,1772,United_States_of_America,US,USA,327167434.0,America
12141,2020-04-19,19,4,2020,32922,1856,United_States_of_America,US,USA,327167434.0,America
12142,2020-04-18,18,4,2020,30833,3770,United_States_of_America,US,USA,327167434.0,America
12143,2020-04-17,17,4,2020,31667,2299,United_States_of_America,US,USA,327167434.0,America
12144,2020-04-16,16,4,2020,30148,4928,United_States_of_America,US,USA,327167434.0,America
12145,2020-04-15,15,4,2020,26922,2408,United_States_of_America,US,USA,327167434.0,America
12146,2020-04-14,14,4,2020,25023,1541,United_States_of_America,US,USA,327167434.0,America
12147,2020-04-13,13,4,2020,27620,1500,United_States_of_America,US,USA,327167434.0,America
12148,2020-04-12,12,4,2020,28391,1831,United_States_of_America,US,USA,327167434.0,America
12149,2020-04-11,11,4,2020,35527,2087,United_States_of_America,US,USA,327167434.0,America
12150,2020-04-10,10,4,2020,33901,1873,United_States_of_America,US,USA,327167434.0,America
12151,2020-04-09,9,4,2020,33323,1922,United_States_of_America,US,USA,327167434.0,America
12152,2020-04-08,8,4,2020,30613,1906,United_States_of_America,US,USA,327167434.0,America
12153,2020-04-07,7,4,2020,30561,1342,United_States_of_America,US,USA,327167434.0,America
12154,2020-04-06,6,4,2020,25398,1146,United_States_of_America,US,USA,327167434.0,America
12155,2020-04-05,5,4,2020,34272,1344,United_States_of_America,US,USA,327167434.0,America
12156,2020-04-04,4,4,2020,32425,1104,United_States_of_America,US,USA,327167434.0,America
12157,2020-04-03,3,4,2020,28819,915,United_States_of_America,US,USA,327167434.0,America
12158,2020-04-02,2,4,2020,27103,1059,United_States_of_America,US,USA,327167434.0,America
12159,2020-04-01,1,4,2020,24998,909,United_States_of_America,US,USA,327167434.0,America
12160,2020-03-31,31,3,2020,21595,661,United_States_of_America,US,USA,327167434.0,America
12161,2020-03-30,30,3,2020,18360,318,United_States_of_America,US,USA,327167434.0,America
12162,2020-03-29,29,3,2020,19979,484,United_States_of_America,US,USA,327167434.0,America
12163,2020-03-28,28,3,2020,18695,411,United_States_of_America,US,USA,327167434.0,America
12164,2020-03-27,27,3,2020,16797,246,United_States_of_America,US,USA,327167434.0,America
12165,2020-03-26,26,3,2020,13963,249,United_States_of_America,US,USA,327167434.0,America
12166,2020-03-25,25,3,2020,8789,211,United_States_of_America,US,USA,327167434.0,America
12167,2020-03-24,24,3,2020,11236,119,United_States_of_America,US,USA,327167434.0,America
12168,2020-03-23,23,3,2020,8459,131,United_States_of_America,US,USA,327167434.0,America
12169,2020-03-22,22,3,2020,7123,80,United_States_of_America,US,USA,327167434.0,America
12170,2020-03-21,21,3,2020,5374,110,United_States_of_America,US,USA,327167434.0,America
12171,2020-03-20,20,3,2020,4835,0,United_States_of_America,US,USA,327167434.0,America
12172,2020-03-19,19,3,2020,2988,42,United_States_of_America,US,USA,327167434.0,America
12173,2020-03-18,18,3,2020,1766,23,United_States_of_America,US,USA,327167434.0,America
12174,2020-03-17,17,3,2020,887,16,United_States_of_America,US,USA,327167434.0,America
12175,2020-03-16,16,3,2020,823,12,United_States_of_America,US,USA,327167434.0,America
12176,2020-03-15,15,3,2020,777,10,United_States_of_America,US,USA,327167434.0,America
12177,2020-03-14,14,3,2020,511,7,United_States_of_America,US,USA,327167434.0,America
12178,2020-03-13,13,3,2020,351,10,United_States_of_America,US,USA,327167434.0,America
12179,2020-03-12,12,3,2020,287,2,United_States_of_America,US,USA,327167434.0,America
12180,2020-03-11,11,3,2020,271,2,United_States_of_America,US,USA,327167434.0,America
12181,2020-03-10,10,3,2020,200,5,United_States_of_America,US,USA,327167434.0,America
12182,2020-03-09,9,3,2020,121,4,United_States_of_America,US,USA,327167434.0,America
12183,2020-03-08,8,3,2020,95,3,United_States_of_America,US,USA,327167434.0,America
12184,2020-03-07,7,3,2020,105,2,United_States_of_America,US,USA,327167434.0,America
12185,2020-03-06,6,3,2020,74,1,United_States_of_America,US,USA,327167434.0,America
12186,2020-03-05,5,3,2020,34,2,United_States_of_America,US,USA,327167434.0,America
12187,2020-03-04,4,3,2020,22,3,United_States_of_America,US,USA,327167434.0,America
12188,2020-03-03,3,3,2020,14,4,United_States_of_America,US,USA,327167434.0,America
12189,2020-03-02,2,3,2020,20,1,United_States_of_America,US,USA,327167434.0,America
12190,2020-03-01,1,3,2020,3,1,United_States_of_America,US,USA,327167434.0,America
12191,2020-02-29,29,2,2020,6,0,United_States_of_America,US,USA,327167434.0,America
12192,2020-02-28,28,2,2020,1,0,United_States_of_America,US,USA,327167434.0,America
12193,2020-02-27,27,2,2020,6,0,United_States_of_America,US,USA,327167434.0,America
12194,2020-02-26,26,2,2020,0,0,United_States_of_America,US,USA,327167434.0,America
12195,2020-02-25,25,2,2020,18,0,United_States_of_America,US,USA,327167434.0,America
12196,2020-02-24,24,2,2020,0,0,United_States_of_America,US,USA,327167434.0,America
12197,2020-02-23,23,2,2020,0,0,United_States_of_America,US,USA,327167434.0,America
12198,2020-02-22,22,2,2020,19,0,United_States_of_America,US,USA,327167434.0,America
12199,2020-02-21,21,2,2020,1,0,United_States_of_America,US,USA,327167434.0,America
12200,2020-02-20,20,2,2020,0,0,United_States_of_America,US,USA,327167434.0,America
12201,2020-02-19,19,2,2020,0,0,United_States_of_America,US,USA,327167434.0,America
12202,2020-02-18,18,2,2020,0,0,United_States_of_America,US,USA,327167434.0,America
12203,2020-02-17,17,2,2020,0,0,United_States_of_America,US,USA,327167434.0,America
12204,2020-02-16,16,2,2020,0,0,United_States_of_America,US,USA,327167434.0,America
12205,2020-02-15,15,2,2020,0,0,United_States_of_America,US,USA,327167434.0,America
12206,2020-02-14,14,2,2020,1,0,United_States_of_America,US,USA,327167434.0,America
12207,2020-02-13,13,2,2020,1,0,United_States_of_America,US,USA,327167434.0,America
12208,2020-02-12,12,2,2020,0,0,United_States_of_America,US,USA,327167434.0,America
12209,2020-02-11,11,2,2020,1,0,United_States_of_America,US,USA,327167434.0,America
12210,2020-02-10,10,2,2020,0,0,United_States_of_America,US,USA,327167434.0,America
12211,2020-02-09,9,2,2020,0,0,United_States_of_America,US,USA,327167434.0,America
12212,2020-02-08,8,2,2020,0,0,United_States_of_America,US,USA,327167434.0,America
12213,2020-02-07,7,2,2020,0,0,United_States_of_America,US,USA,327167434.0,America
12214,2020-02-06,6,2,2020,1,0,United_States_of_America,US,USA,327167434.0,America
12215,2020-02-05,5,2,2020,0,0,United_States_of_America,US,USA,327167434.0,America
12216,2020-02-04,4,2,2020,0,0,United_States_of_America,US,USA,327167434.0,America
12217,2020-02-03,3,2,2020,3,0,United_States_of_America,US,USA,327167434.0,America
12218,2020-02-02,2,2,2020,1,0,United_States_of_America,US,USA,327167434.0,America
12219,2020-02-01,1,2,2020,1,0,United_States_of_America,US,USA,327167434.0,America
12220,2020-01-31,31,1,2020,1,0,United_States_of_America,US,USA,327167434.0,America
12221,2020-01-30,30,1,2020,0,0,United_States_of_America,US,USA,327167434.0,America
12222,2020-01-29,29,1,2020,0,0,United_States_of_America,US,USA,327167434.0,America
12223,2020-01-28,28,1,2020,0,0,United_States_of_America,US,USA,327167434.0,America
12224,2020-01-27,27,1,2020,3,0,United_States_of_America,US,USA,327167434.0,America
12225,2020-01-26,26,1,2020,0,0,United_States_of_America,US,USA,327167434.0,America
12226,2020-01-25,25,1,2020,1,0,United_States_of_America,US,USA,327167434.0,America
12227,2020-01-24,24,1,2020,0,0,United_States_of_America,US,USA,327167434.0,America
12228,2020-01-23,23,1,2020,0,0,United_States_of_America,US,USA,327167434.0,America
12229,2020-01-22,22,1,2020,0,0,United_States_of_America,US,USA,327167434.0,America
12230,2020-01-21,21,1,2020,1,0,United_States_of_America,US,USA,327167434.0,America
12231,2020-01-20,20,1,2020,0,0,United_States_of_America,US,USA,327167434.0,America
12232,2020-01-19,19,1,2020,0,0,United_States_of_America,US,USA,327167434.0,America
12233,2020-01-18,18,1,2020,0,0,United_States_of_America,US,USA,327167434.0,America
12234,2020-01-17,17,1,2020,0,0,United_States_of_America,US,USA,327167434.0,America
12235,2020-01-16,16,1,2020,0,0,United_States_of_America,US,USA,327167434.0,America
12236,2020-01-15,15,1,2020,0,0,United_States_of_America,US,USA,327167434.0,America
12237,2020-01-14,14,1,2020,0,0,United_States_of_America,US,USA,327167434.0,America
12238,2020-01-13,13,1,2020,0,0,United_States_of_America,US,USA,327167434.0,America
12239,2020-01-12,12,1,2020,0,0,United_States_of_America,US,USA,327167434.0,America
12240,2020-01-11,11,1,2020,0,0,United_States_of_America,US,USA,327167434.0,America
12241,2020-01-10,10,1,2020,0,0,United_States_of_America,US,USA,327167434.0,America
12242,2020-01-09,9,1,2020,0,0,United_States_of_America,US,USA,327167434.0,America
12243,2020-01-08,8,1,2020,0,0,United_States_of_America,US,USA,327167434.0,America
12244,2020-01-07,7,1,2020,0,0,United_States_of_America,US,USA,327167434.0,America
12245,2020-01-06,6,1,2020,0,0,United_States_of_America,US,USA,327167434.0,America
12246,2020-01-05,5,1,2020,0,0,United_States_of_America,US,USA,327167434.0,America
12247,2020-01-04,4,1,2020,0,0,United_States_of_America,US,USA,327167434.0,America
12248,2020-01-03,3,1,2020,0,0,United_States_of_America,US,USA,327167434.0,America
12249,2020-01-02,2,1,2020,0,0,United_States_of_America,US,USA,327167434.0,America
12250,2020-01-01,1,1,2020,0,0,United_States_of_America,US,USA,327167434.0,America
12251,2019-12-31,31,12,2019,0,0,United_States_of_America,US,USA,327167434.0,America
